danceability,energy,instrumentalness,valence,tempo,duration_ms,sadproportion,wordcount,Baseline,PostInduction,PostListening,rumination,rumsplit,brainstem,Entrainment,Memory,Conditioning,Imagery,Contagion,Expectancy,Appraisal,LikelyUse
0.518,0.401,1.85e-4,0.171,92.148,216533,0.16216216216216217,592,12,19,24,4.75,High,Yes,No,No,No,No,No,Yes,Yes,1
0.621,0.306,6.71e-5,0.0853,111.926,240707,0.02,50,9,11,11,3.25,Low,No,No,No,No,No,No,Yes,Yes,0
0.583,0.532,0,0.223,131.741,288427,0.10837438423645321,203,4,6,9,3.4166666666666665,Low,No,No,No,No,No,No,Yes,Yes,0
0.728,0.563,0,0.352,100.017,217707,NA,NA,7,7,9,4.166666666666667,High,Yes,No,No,No,No,No,Yes,Yes,0
0.624,0.572,0,0.57,90.067,235493,0.38095238095238093,147,9,11,9,3.5833333333333335,Low,Yes,No,No,Yes,Yes,No,Yes,Yes,0
0.315,0.456,9.76e-6,0.424,145.362,188307,0.13043478260869565,46,12,15,16,4.166666666666667,High,No,No,Yes,No,No,No,Yes,No,0
0.583,0.313,0,0.346,96.717,241747,0,45,25,24,28,4.083333333333333,High,Yes,No,No,Yes,No,No,Yes,Yes,0
0.518,0.401,1.85e-4,0.171,92.148,216533,0.16216216216216217,592,12,13,18,4.083333333333333,High,No,No,Yes,No,No,No,Yes,No,0
0.329,0.179,5.04e-6,0.255,154.175,217387,NA,NA,6,11,14,4.083333333333333,High,Yes,Yes,No,Yes,Yes,No,Yes,Yes,1
0.45,0.335,1.25e-6,0.25,109.908,281235,NA,NA,7,10,12,3.5,Low,Yes,No,Yes,No,No,No,Yes,Yes,0
0.555,0.717,0,0.374,112.03,208507,0.1111111111111111,36,5,6,7,4.916666666666667,High,Yes,Yes,No,Yes,No,Yes,Yes,Yes,0
0.53,0.27,1.35e-6,0.599,101.114,225960,NA,NA,7,5,9,3.3333333333333335,Low,Yes,Yes,Yes,No,Yes,No,Yes,Yes,0
0.47,0.431,0,0.289,157.98,295502,0.02040816326530612,882,20,24,15,4,High,Yes,Yes,No,No,No,No,No,Yes,0
0.332,0.179,0,0.315,96.529,125667,NA,NA,5,10,11,4.5,High,Yes,No,Yes,No,Yes,No,Yes,Yes,1
0.599,0.531,2.32e-5,0.53,124.513,228933,NA,NA,4,5,20,4.166666666666667,High,Yes,Yes,No,No,No,No,Yes,Yes,0
0.209,0.418,0.00195,0.123,138.265,295533,0.06521739130434782,414,11,13,14,4.166666666666667,High,Yes,No,Yes,Yes,Yes,No,Yes,Yes,0
0.497,0.661,3.17e-4,0.894,180.225,240213,0.036585365853658534,82,4,4,12,4.833333333333333,High,No,No,No,No,No,No,Yes,Yes,0
0.265,0.127,0.391,0.0757,147.734,371320,0.05555555555555555,1350,7,17,16,3.6666666666666665,Low,Yes,No,No,No,No,No,Yes,Yes,1
0.689,0.481,1.03e-6,0.283,80.025,229526,NA,NA,5,23,26,3.5833333333333335,Low,No,No,Yes,No,No,No,Yes,Yes,1
0.59,0.5,0,0.324,130.675,222773,0.06504065040650407,123,6,9,8,3.75,Low,Yes,No,Yes,No,No,No,Yes,Yes,0
0.746,0.576,0,0.337,110.2,349785,0.13074204946996468,283,11,10,13,3.4166666666666665,Low,No,No,No,No,No,No,Yes,Yes,1
0.763,0.743,3.65e-4,0.939,107.397,295533,0.029585798816568046,169,12,5,13,3.8333333333333335,Low,No,No,No,No,No,No,No,Yes,1
0.496,0.863,0,0.243,110.018,185587,0.13793103448275862,58,8,19,15,3,Low,Yes,Yes,No,No,No,No,Yes,No,1
0.592,0.637,0,0.565,159.701,185093,0.07246376811594203,276,4,5,5,4.166666666666667,High,Yes,No,No,Yes,No,No,Yes,Yes,0
0.516,0.231,0.0489,0.0587,84.07,365493,NA,NA,6,10,10,4.583333333333333,High,Yes,No,Yes,No,No,No,Yes,Yes,1
0.689,0.481,1.03e-6,0.283,80.025,229526,NA,NA,4,13,14,3.6666666666666665,Low,No,No,Yes,No,No,No,Yes,Yes,1
0.512,0.559,0,0.193,85.017,226330,NA,NA,19,18,16,4,High,Yes,Yes,No,No,No,No,No,Yes,0
0.656,0.578,0,0.556,94.514,256733,0.04838709677419355,124,4,9,9,3.75,Low,Yes,No,No,No,NA,No,Yes,Yes,0
0.418,0.249,0.661,0.213,82.803,218547,0,40,11,10,14,4.666666666666667,High,Yes,No,No,No,No,No,Yes,Yes,1
0.689,0.481,1.03e-6,0.283,80.025,229526,NA,NA,8,11,17,4,High,No,No,No,No,Yes,No,No,Yes,1
0.589,0.242,0,0.257,89.749,221107,0.06666666666666667,3240,10,18,12,4.333333333333333,High,Yes,No,No,No,No,No,Yes,Yes,0
0.64,0.533,0,0.515,99.968,220781,NA,NA,12,14,12,3,Low,No,No,Yes,Yes,No,No,No,Yes,0
0.646,0.342,0.00685,0.347,103.979,222120,0.034482758620689655,87,4,10,14,4.25,High,No,Yes,No,No,No,No,Yes,Yes,1
0.543,0.432,0.369,0.107,110.196,295516,NA,NA,4,12,6,3.1666666666666665,Low,Yes,No,No,No,No,No,Yes,Yes,0
0.329,0.278,1.45e-4,0.272,111.316,120093,0.045454545454545456,22,8,13,15,4.75,High,Yes,No,No,No,No,No,Yes,Yes,1
0.38,0.573,2.38e-6,0.0901,74.988,303133,0.21428571428571427,896,4,8,8,2.9166666666666665,Low,Yes,No,Yes,Yes,Yes,No,Yes,Yes,0
0.513,0.768,1.94e-5,0.235,84.264,210580,0.017543859649122806,57,5,14,12,3.9166666666666665,High,Yes,No,No,Yes,No,No,Yes,Yes,0
0.553,0.586,0,0.443,126.684,196373,0.07368421052631578,380,14,18,22,4.416666666666667,High,Yes,No,No,No,Yes,No,Yes,Yes,1
0.82,0.582,0,0.309,112.064,214027,0.1037037037037037,135,4,7,7,2.8333333333333335,Low,Yes,NA,Yes,No,No,No,No,No,1
0.579,0.419,0,0.673,104.564,165000,0.027777777777777776,72,9,11,12,3.9166666666666665,High,No,No,No,Yes,No,No,Yes,Yes,1
0.38,0.553,2.63e-6,0.384,179.629,189333,0.039473684210526314,76,16,16,20,3.9166666666666665,High,Yes,No,No,No,No,No,Yes,Yes,1
0.589,0.242,0,0.257,89.749,221107,0.06666666666666667,3240,13,20,20,3.5833333333333335,Low,No,No,No,No,No,No,Yes,No,0
0.197,0.546,0.071,0.267,82.716,212627,0.07692307692307693,13,4,7,12,5,High,No,No,No,Yes,No,No,Yes,Yes,1
0.487,0.311,4.66e-4,0.252,139.878,261267,0.06306306306306306,111,10,12,9,3.5,Low,Yes,No,Yes,No,No,No,No,Yes,1
0.74,0.613,0.0037200000000000002,0.473,75.023,166606,0.15476190476190477,756,9,14,25,4.166666666666667,High,No,No,No,No,No,No,Yes,Yes,0
0.345,0.0581,3.66e-4,0.304,174.117,189507,NA,NA,4,5,9,3.9166666666666665,High,Yes,No,Yes,No,No,No,Yes,Yes,0
0.409,0.404,0,0.288,80.356,259693,NA,NA,6,8,9,3.8333333333333335,Low,Yes,Yes,Yes,No,No,No,Yes,Yes,0
0.302,0.151,0.893,0.039,131.443,275280,0.04225352112676056,71,4,12,11,3.4166666666666665,Low,Yes,Yes,Yes,Yes,Yes,No,Yes,Yes,0
0.299,0.168,0.0106,0.101,138.573,261200,0.09803921568627451,51,5,8,9,3.75,Low,Yes,Yes,No,No,No,No,Yes,Yes,0
0.819,0.697,3.39e-4,0.787,119.005,214347,0.22826086956521738,92,20,22,17,4.25,High,Yes,No,No,Yes,No,No,Yes,No,1
0.448,0.0954,0.517,0.0384,110.625,530027,0.08888888888888889,45,10,10,12,3.6666666666666665,Low,Yes,Yes,Yes,No,No,No,Yes,Yes,1
0.403,0.654,4.08e-5,0.197,74.617,354547,0.03571428571428571,224,7,11,13,4.333333333333333,High,Yes,No,No,No,No,No,Yes,Yes,0
0.606,0.328,0.00131,0.105,119.932,180933,0.036585365853658534,82,12,11,16,4.833333333333333,High,Yes,No,No,No,No,No,Yes,Yes,1
0.529,0.96,0.927,0.69,98.717,175461,0.10416666666666667,96,19,19,18,4,High,No,No,No,No,No,No,Yes,No,1
0.589,0.242,0,0.257,89.749,221107,0.06666666666666667,3240,7,8,9,2.5833333333333335,Low,No,No,No,No,No,No,Yes,Yes,0
0.64,0.743,0,0.361,122.035,262533,0.14,1600,12,11,13,3.5,Low,No,No,No,No,No,No,Yes,Yes,0
0.593,0.75,3.32e-5,0.45,118.005,208107,0.49056603773584906,212,7,4,9,1.8333333333333333,Low,Yes,No,No,No,Yes,No,Yes,No,0
0.552,0.668,0.382,0.153,114.991,265334,0.2,95,4,7,8,3.0833333333333335,Low,Yes,No,Yes,No,No,No,Yes,Yes,0
0.653,0.488,0,0.492,151.594,231445,0,163,10,11,13,4.833333333333333,High,No,No,No,Yes,No,No,No,Yes,0
0.624,0.257,7.56e-5,0.681,85.617,183667,0.011363636363636364,88,4,5,6,3,Low,Yes,No,Yes,No,No,No,Yes,Yes,0
0.373,0.609,4.27e-4,0.354,179.955,270680,0.058823529411764705,68,17,20,21,4.75,High,Yes,No,No,No,No,No,Yes,Yes,1
0.733,0.673,7.96e-6,0.487,128.009,214699,0,55,11,14,10,4.083333333333333,High,Yes,No,No,No,Yes,Yes,Yes,Yes,0
0.694,0.311,0.35,0.616,102.142,240773,0.045454545454545456,88,7,8,12,4.25,High,Yes,Yes,Yes,No,No,No,Yes,Yes,1
0.599,0.531,2.32e-5,0.53,124.513,228933,NA,NA,4,18,17,4.333333333333333,High,No,Yes,No,No,No,No,Yes,No,0
0.162,0.293,0.00221,0.0406,77.962,220147,NA,NA,7,12,10,4.166666666666667,High,No,No,No,Yes,No,No,Yes,Yes,0
0.265,0.127,0.391,0.0757,147.734,371320,0.05555555555555555,1350,5,6,9,2.4166666666666665,Low,No,Yes,No,No,No,No,Yes,Yes,0
0.375,0.304,0.303,0.147,147.989,336613,0.0136986301369863,73,11,8,9,3.75,Low,Yes,No,No,No,No,No,Yes,Yes,0
0.72,0.763,0,0.742,101.965,251088,NA,NA,10,9,19,4.916666666666667,High,Yes,No,No,No,No,No,Yes,Yes,1
0.211,0.55,0.165,0.248,141.871,371040,0.07142857142857142,14,12,10,13,4.416666666666667,High,Yes,No,No,No,No,No,No,Yes,0
0.689,0.481,1.03e-6,0.283,80.025,229526,NA,NA,15,17,15,3.6666666666666665,Low,No,No,Yes,Yes,No,No,Yes,Yes,0
0.544,0.298,0.116,0.235,76.962,194413,0.06936416184971098,173,4,6,15,4.083333333333333,High,No,Yes,No,Yes,No,No,Yes,Yes,1
0.649,0.552,6.47e-6,0.158,89.969,253813,0.06818181818181818,44,6,8,7,3.9166666666666665,High,Yes,No,No,No,No,No,Yes,Yes,1
0.346,0.35,1.98e-6,0.315,126.444,229053,0.14925373134328357,67,8,8,7,2.5833333333333335,Low,NA,NA,NA,NA,NA,NA,NA,NA,NA
0.358,0.856,0,0.542,169.81,210787,0.1276595744680851,47,4,14,13,4.25,High,No,No,No,No,No,No,No,No,1
0.575,0.33,0,0.277,95.801,217213,NA,NA,8,21,18,3.6666666666666665,Low,Yes,No,Yes,No,No,No,Yes,Yes,1
0.647,0.804,0,0.516,121.799,173600,NA,NA,4,11,12,4.416666666666667,High,Yes,No,Yes,No,No,No,Yes,Yes,1
0.74,0.613,0.0037200000000000002,0.473,75.023,166606,0.15476190476190477,756,17,16,17,2.9166666666666665,Low,Yes,No,Yes,No,No,No,Yes,Yes,1
0.563,0.592,5.08e-5,0.136,104.016,267933,0.09302325581395349,172,9,19,23,4.833333333333333,High,Yes,No,No,No,Yes,No,Yes,Yes,0
0.663,0.292,0.00499,0.359,112.318,287507,0.0851063829787234,94,10,21,8,4,High,Yes,No,Yes,No,Yes,No,Yes,Yes,0
0.597,0.846,0,0.445,124.041,203693,0.07608695652173914,92,14,16,18,1.5833333333333333,Low,Yes,No,No,Yes,No,No,Yes,No,0
0.776,0.503,0,0.473,110.134,210285,0.03076923076923077,195,6,4,5,3.25,Low,Yes,No,Yes,No,Yes,No,No,Yes,0
0.56,0.442,1.71e-5,0.212,146.448,309600,0.0625,432,5,9,8,4.583333333333333,High,No,No,Yes,No,No,No,Yes,Yes,0
0.428,0.276,5.33e-6,0.0382,99.195,280000,NA,NA,5,6,5,4.333333333333333,High,Yes,No,Yes,No,No,No,Yes,Yes,0
0.522,0.385,0,0.236,89.792,207520,0.078125,64,5,15,18,4,High,Yes,No,No,No,No,No,Yes,Yes,1
0.527,0.835,0,0.654,125.983,176658,0.046875,128,8,21,12,3.0833333333333335,Low,No,No,Yes,No,No,No,Yes,Yes,0
0.457,0.308,1.5e-6,0.272,103.111,178266,NA,NA,12,16,16,4,High,Yes,Yes,Yes,No,No,No,Yes,Yes,1
0.587,0.767,0,0.664,100.38,201707,0.08029197080291971,137,7,11,8,4.5,High,Yes,No,No,No,No,Yes,Yes,Yes,1
0.546,0.814,0,0.146,104.98,285653,0.10526315789473684,57,4,4,6,4.083333333333333,High,Yes,No,No,No,Yes,No,Yes,Yes,0
0.265,0.127,0.391,0.0757,147.734,371320,0.05555555555555555,1350,5,17,18,4.666666666666667,High,Yes,No,No,No,Yes,No,Yes,Yes,1
0.319,0.651,4.73e-5,0.474,118.501,272200,NA,NA,19,23,24,3.8333333333333335,Low,Yes,No,No,No,No,No,Yes,Yes,1
0.351,0.296,0,0.12,115.284,200186,NA,NA,6,17,18,4.166666666666667,High,Yes,No,Yes,No,No,No,Yes,Yes,1
0.56,0.442,1.71e-5,0.212,146.448,309600,0.0625,432,12,19,13,4.333333333333333,High,Yes,No,No,No,No,No,Yes,Yes,0
0.31,0.74,9.73e-6,0.0874,81.948,230243,0.019230769230769232,52,10,11,12,4.666666666666667,High,No,No,No,No,Yes,No,Yes,Yes,1
0.444,0.0924,0,0.219,108.917,248808,0.03260869565217391,92,8,9,12,3.4166666666666665,Low,Yes,Yes,No,No,No,No,No,Yes,1
0.673,0.686,1.84e-4,0.662,126.09,211573,0.06,50,10,20,13,3.75,Low,No,No,Yes,No,No,No,Yes,No,1
0.383,0.659,0,0.327,140.795,353027,0.07446808510638298,94,6,6,7,3.8333333333333335,Low,Yes,No,No,No,No,No,Yes,Yes,1
0.497,0.734,0,0.384,139.096,196480,0.0861244019138756,209,20,23,22,3.3333333333333335,Low,No,No,No,No,No,No,No,No,0
0.486,0.45,2.06e-6,0.55,100.456,254293,NA,NA,6,15,6,3.5833333333333335,Low,Yes,No,No,Yes,Yes,Yes,Yes,Yes,0
0.739,0.341,1.1e-6,0.231,80.958,266000,NA,NA,6,10,11,3.75,Low,Yes,Yes,No,Yes,No,No,Yes,Yes,0
0.598,0.343,0.0219,0.419,103.984,202107,0.043478260869565216,184,17,17,20,4,High,Yes,Yes,No,No,No,No,Yes,Yes,1
0.552,0.173,4.01e-4,0.0854,76.97,212040,0.08,50,9,11,10,4.333333333333333,High,Yes,Yes,Yes,No,Yes,No,Yes,Yes,1
0.591,0.934,1.81e-6,0.452,155.968,283733,0.0625,224,18,17,20,4.166666666666667,High,Yes,No,No,Yes,No,No,Yes,Yes,0
0.581,0.163,0,0.475,77.748,189400,0.1518987341772152,79,4,8,8,3.3333333333333335,Low,Yes,Yes,Yes,No,No,No,Yes,Yes,0
0.474,0.707,0,0.224,83.235,252107,0.04477611940298507,268,6,7,9,3.8333333333333335,Low,Yes,No,Yes,No,No,No,Yes,Yes,0
0.35,0.113,2.68e-5,0.151,128.271,218907,0.041666666666666664,48,5,6,8,4.25,High,Yes,No,No,No,No,No,Yes,Yes,1
0.581,0.732,0.00254,0.36,89.994,183333,0.07246376811594203,138,11,12,14,3.9166666666666665,High,No,No,Yes,No,Yes,No,Yes,Yes,0
0.681,0.83,0.00376,0.817,103.777,250133,0.04477611940298507,67,24,18,26,4.166666666666667,High,Yes,No,No,No,No,Yes,Yes,Yes,0
0.584,0.611,1.52e-6,0.188,79.572,241560,0.023809523809523808,84,5,11,12,3.8333333333333335,Low,Yes,No,No,No,Yes,No,Yes,Yes,1
0.422,0.264,0,0.331,119.93,269560,0.11688311688311688,308,4,18,18,3.6666666666666665,Low,No,No,No,Yes,No,No,Yes,Yes,1
0.584,0.536,0,0.44,126.996,243227,0,139,5,5,6,3.5,Low,Yes,No,No,Yes,Yes,Yes,Yes,Yes,0
0.849,0.731,8.87e-5,0.751,97.922,313520,NA,NA,19,11,25,4.333333333333333,High,No,No,No,No,No,No,No,Yes,0
0.47,0.431,0,0.289,157.98,295502,0.02040816326530612,882,8,8,12,3.6666666666666665,Low,Yes,Yes,Yes,No,No,No,Yes,Yes,0
0.612,0.568,0,0.23,116.247,346164,NA,NA,10,22,17,3.75,Low,No,No,Yes,No,No,No,Yes,Yes,0
0.345,0.27,0.112,0.173,79.649,277260,0.07857142857142857,140,11,10,13,4,High,Yes,No,Yes,No,No,No,No,Yes,0
0.689,0.4,1.37e-4,0.559,112.64,255040,NA,NA,6,11,13,3,Low,Yes,No,No,Yes,No,No,Yes,Yes,1
0.513,0.479,0.706,0.282,128.041,288750,0.24242424242424243,33,6,6,7,4.416666666666667,High,Yes,Yes,Yes,No,No,No,Yes,Yes,0
0.575,0.461,1.75e-5,0.266,79.971,222868,NA,NA,7,9,10,4.083333333333333,High,Yes,No,No,No,No,No,Yes,Yes,1
0.236,0.207,8.15e-6,0.0757,147.518,217224,0,66,23,21,27,3.6666666666666665,Low,No,Yes,No,No,No,No,Yes,Yes,1
0.509,0.629,1.99e-6,0.237,80.012,209307,0.22535211267605634,71,10,11,12,4,High,Yes,No,Yes,No,No,No,Yes,Yes,1
0.409,0.137,0,0.106,162.08,225076,0.25,1200,6,12,15,4.083333333333333,High,Yes,No,No,No,Yes,No,Yes,Yes,1
0.56,0.442,1.71e-5,0.212,146.448,309600,0.0625,432,7,9,11,3.0833333333333335,Low,Yes,Yes,No,No,No,No,Yes,Yes,0
0.45,0.335,1.25e-6,0.25,109.908,281235,NA,NA,5,6,7,3.25,Low,Yes,No,Yes,No,No,No,Yes,Yes,1
0.209,0.418,0.00195,0.123,138.265,295533,0.06521739130434782,414,4,5,5,2.6666666666666665,Low,Yes,Yes,Yes,No,No,No,Yes,Yes,0
0.327,0.938,3.79e-6,0.326,162.937,289560,NA,NA,5,6,10,4.083333333333333,High,Yes,No,No,No,No,No,No,Yes,0
0.623,0.93,1.64e-6,0.287,120.119,205613,0.07462686567164178,67,5,9,11,4.166666666666667,High,Yes,No,No,No,No,Yes,Yes,No,0
0.291,0.79,5.61e-6,0.513,155.667,289907,NA,NA,12,17,21,3.8333333333333335,Low,Yes,No,No,No,No,No,Yes,No,1
0.56,0.17,6.75e-6,0.303,94.956,236293,NA,NA,11,15,14,4,High,Yes,Yes,No,Yes,No,No,Yes,Yes,1
0.432,0.261,0.00342,0.273,89.567,258653,0.10891089108910891,404,10,16,20,4.416666666666667,High,Yes,No,Yes,No,No,No,Yes,No,1
0.513,0.199,0,0.228,134.148,226280,0.21153846153846154,52,14,14,14,5,High,No,Yes,Yes,No,Yes,Yes,Yes,Yes,1
0.54,0.584,0.00296,0.244,139.261,386493,0.04878048780487805,82,13,4,14,4.583333333333333,High,No,No,No,No,No,No,No,Yes,1
0.432,0.261,0.00342,0.273,89.567,258653,0.10891089108910891,404,12,13,14,4.75,High,Yes,Yes,Yes,No,Yes,No,Yes,Yes,0
0.422,0.264,0,0.331,119.93,269560,0.11688311688311688,308,12,8,8,3.6666666666666665,Low,Yes,No,No,No,No,No,Yes,No,1
0.828,0.581,9.03e-4,0.145,133.999,200627,0.13333333333333333,105,10,21,25,4.416666666666667,High,Yes,No,Yes,No,Yes,No,Yes,Yes,1
0.296,0.683,0.195,0.272,95.483,280627,0.15492957746478872,71,9,9,13,3.5,Low,Yes,No,No,No,Yes,No,Yes,Yes,1
0.74,0.613,0.0037200000000000002,0.473,75.023,166606,0.15476190476190477,756,24,26,26,5,High,Yes,No,No,Yes,No,No,Yes,Yes,1
0.299,0.613,0.00359,0.306,166.96,306411,0.0379746835443038,79,6,10,14,3.6666666666666665,Low,Yes,No,No,No,No,No,Yes,Yes,0
0.453,0.911,0,0.218,137.011,186147,0.24675324675324675,77,4,6,5,3.4166666666666665,Low,Yes,No,No,No,No,No,Yes,Yes,0
0.581,0.717,1.86e-4,0.316,107.884,236440,0.1346153846153846,52,7,12,13,3.4166666666666665,Low,Yes,No,No,No,No,No,Yes,Yes,1
0.208,0.424,7.01e-5,0.247,148.875,231280,0.04411764705882353,68,15,12,12,4.083333333333333,High,Yes,Yes,No,No,No,No,Yes,Yes,1
0.345,0.0581,3.66e-4,0.304,174.117,189507,NA,NA,7,7,9,3.3333333333333335,Low,Yes,No,No,Yes,No,No,Yes,Yes,0
0.623,0.917,4.43e-5,0.674,120.017,209240,0.31521739130434784,92,8,9,9,1.3333333333333333,Low,Yes,No,Yes,No,No,Yes,Yes,Yes,0
0.442,0.384,7.7e-5,0.216,123.281,235987,NA,NA,5,6,7,4.25,High,Yes,No,No,No,Yes,No,Yes,Yes,0
0.408,0.729,4.02e-6,0.279,145.068,304280,0.09259259259259259,54,7,9,8,3.8333333333333335,Low,Yes,No,No,No,No,No,Yes,Yes,0
0.268,0.292,0.885,0.0593,114.904,275013,0.22,50,8,9,8,4.916666666666667,High,Yes,No,Yes,No,No,No,Yes,Yes,1
0.498,0.104,7.86e-5,0.205,124.001,199931,0.3142857142857143,35,11,17,18,3.9166666666666665,High,Yes,Yes,Yes,No,No,Yes,Yes,Yes,0
0.677,0.66,0.262,0.383,139.06,250713,0.17721518987341772,79,5,7,8,5,High,No,No,Yes,No,No,No,Yes,Yes,0
0.306,0.31,2.72e-5,0.126,207.508,214369,0.0958904109589041,292,11,15,12,3.25,Low,Yes,No,No,No,Yes,No,Yes,Yes,0
0.168,0.302,0.79,0.205,102.041,356333,0,16,8,11,13,4.083333333333333,High,Yes,No,No,No,No,No,No,Yes,1
0.129,0.358,0,0.172,75.048,241067,0.016666666666666666,60,12,11,16,4.083333333333333,High,No,No,No,Yes,No,No,Yes,Yes,0
0.348,0.907,0,0.177,185.406,212413,0.19696969696969696,66,9,12,19,4.166666666666667,High,Yes,No,No,No,No,No,Yes,No,1
0.467,0.324,0.0248,0.166,94.301,320267,NA,NA,8,7,7,3.0833333333333335,Low,Yes,Yes,Yes,No,Yes,Yes,Yes,Yes,0
0.445,0.537,1.6e-5,0.131,122.764,244360,0.09195402298850575,87,6,13,15,4.166666666666667,High,No,No,No,Yes,Yes,No,Yes,Yes,1
0.0878,0.15,0.897,0.0381,85.438,135453,0,14,4,17,17,4.583333333333333,High,Yes,No,No,No,No,No,Yes,Yes,1
0.524,0.417,1.19e-6,0.109,93.59,254493,0.0379746835443038,79,11,12,15,4,High,Yes,No,No,No,No,No,Yes,Yes,0
0.291,0.79,5.61e-6,0.513,155.667,289907,NA,NA,15,24,16,3,Low,Yes,Yes,Yes,Yes,Yes,Yes,Yes,Yes,1
0.376,0.373,0.832,0.111,116.074,430000,0.030303030303030304,33,19,22,24,4.416666666666667,High,No,No,No,No,Yes,No,Yes,Yes,0
0.566,0.76,0,0.478,96.713,212967,NA,NA,10,8,9,3.0833333333333335,Low,Yes,Yes,No,Yes,Yes,No,Yes,Yes,0
0.602,0.609,2e-4,0.337,93.06,329160,0.05982905982905983,117,11,13,15,4.25,High,Yes,No,Yes,No,No,No,Yes,Yes,1
0.526,0.328,0,0.11,116.068,526387,0,130,6,15,15,3.6666666666666665,Low,Yes,No,No,Yes,No,No,Yes,No,1
0.472,0.153,1.95e-6,0.0745,104.551,195426,NA,NA,4,7,6,3.1666666666666665,Low,Yes,No,Yes,Yes,Yes,No,Yes,Yes,1
0.651,0.568,3.48e-6,0.188,134.828,315373,0.04838709677419355,62,6,6,6,2.75,Low,Yes,No,No,No,No,Yes,Yes,Yes,0
0.593,0.75,3.32e-5,0.45,118.005,208107,0.49056603773584906,212,9,16,9,3.75,Low,Yes,No,Yes,Yes,Yes,No,Yes,No,1
0.623,0.17,0.00103,0.0949,75.961,260507,0.020833333333333332,48,18,21,21,4.666666666666667,High,No,Yes,No,Yes,No,No,No,Yes,0
0.739,0.341,1.1e-6,0.231,80.958,266000,NA,NA,9,13,18,4.666666666666667,High,Yes,Yes,No,No,No,No,Yes,Yes,0
0.6,0.869,0.441,0.56,117.064,215267,NA,NA,4,16,13,2.8333333333333335,Low,Yes,No,No,Yes,NA,No,No,Yes,1
0.535,0.73,0,0.723,74.89,281133,0.0718954248366013,306,12,20,12,1.5,Low,Yes,No,Yes,Yes,No,No,No,Yes,0
0.403,0.654,4.08e-5,0.197,74.617,354547,0.03571428571428571,224,8,14,17,4.166666666666667,High,Yes,No,Yes,No,Yes,No,Yes,Yes,1
0.409,0.137,0,0.106,162.08,225076,0.25,1200,7,7,9,4.25,High,Yes,Yes,No,Yes,No,No,Yes,Yes,1
0.614,0.471,0,0.32,80.024,210507,0.08333333333333333,48,7,8,9,3.75,Low,Yes,No,Yes,No,No,No,Yes,Yes,0
0.127,0.011,0.972,0.0367,71.198,246627,0,1,8,19,15,4.833333333333333,High,Yes,No,Yes,No,No,No,Yes,No,1
0.641,0.667,0,0.51,102.002,259453,0.029239766081871343,684,16,22,15,2.25,Low,Yes,No,No,No,No,Yes,Yes,Yes,0
0.711,0.292,0,0.194,103.951,296800,0.09219858156028368,141,6,16,15,4.583333333333333,High,Yes,No,No,No,No,No,Yes,No,1
0.589,0.242,0,0.257,89.749,221107,0.06666666666666667,3240,17,20,22,4.166666666666667,High,Yes,Yes,No,Yes,No,No,Yes,Yes,0
0.742,0.833,0,0.816,113.375,188987,NA,NA,13,13,9,4,High,No,No,No,No,No,No,Yes,Yes,1
0.428,0.244,1.44e-4,0.39,100.495,179773,0.1935483870967742,31,15,13,27,4.25,High,Yes,No,No,No,No,No,Yes,Yes,0
0.552,0.643,0.74,0.212,120.012,272800,0.11764705882352941,136,6,8,15,3.5,Low,Yes,No,No,No,No,No,Yes,Yes,0
0.622,0.54,0.00771,0.847,130.879,264907,0.020833333333333332,48,8,9,9,4.5,High,Yes,No,No,Yes,No,No,Yes,Yes,1
0.581,0.965,0,0.686,99.348,193507,0.13043478260869565,69,8,7,7,4.583333333333333,High,Yes,No,No,No,No,No,Yes,No,1
0.688,0.782,0,0.453,146.324,343032,0.1033210332103321,271,6,6,8,3.8333333333333335,Low,Yes,No,No,No,No,No,Yes,Yes,0
0.429,0.594,4.95e-6,0.236,150.22,265000,0.08108108108108109,296,10,22,14,4.333333333333333,High,Yes,No,Yes,No,No,No,Yes,Yes,1
0.583,0.428,0,0.254,99.605,225241,0.061224489795918366,392,7,9,11,4.083333333333333,High,Yes,No,No,No,No,No,Yes,Yes,1
0.4,0.613,0.0114,0.521,207.576,240400,0.058823529411764705,68,9,14,14,4.666666666666667,High,Yes,No,No,No,No,No,Yes,No,1
0.496,0.82,0.246,0.549,110.977,249013,0.07407407407407407,81,11,10,11,3.9166666666666665,High,Yes,No,No,Yes,No,No,Yes,Yes,1
0.638,0.47,0.193,0.442,179.818,111640,0.09523809523809523,42,13,13,14,4.083333333333333,High,Yes,Yes,Yes,No,No,No,Yes,Yes,1
0.409,0.137,0,0.106,162.08,225076,0.25,1200,11,11,16,5,High,No,No,Yes,No,No,No,Yes,Yes,0
0.232,0.0228,0.91,0.23,203.341,188000,NA,NA,8,9,12,3.5833333333333335,Low,Yes,No,Yes,No,No,No,Yes,Yes,0
0.695,0.336,0.00264,0.422,79.109,280000,0,37,6,10,11,3.5833333333333335,Low,Yes,No,Yes,No,No,No,Yes,Yes,0
0.448,0.665,2.55e-5,0.304,172.004,237147,0,37,11,12,10,4.75,High,Yes,No,Yes,No,No,No,Yes,Yes,0
0.486,0.881,0,0.667,144.997,480707,0.1306532663316583,199,18,20,20,4.916666666666667,High,No,No,No,Yes,No,Yes,Yes,Yes,0
0.563,0.592,5.08e-5,0.136,104.016,267933,0.09302325581395349,172,7,6,11,2.4166666666666665,Low,Yes,No,No,No,No,No,Yes,Yes,1
0.589,0.242,0,0.257,89.749,221107,0.06666666666666667,3240,5,7,11,3.8333333333333335,Low,Yes,Yes,No,Yes,No,No,Yes,Yes,0
0.547,0.368,0,0.367,96.05,203613,0.05263157894736842,76,16,22,24,4.583333333333333,High,Yes,No,No,No,No,No,Yes,Yes,0
0.64,0.743,0,0.361,122.035,262533,0.14,1600,5,6,10,2.6666666666666665,Low,Yes,Yes,No,No,No,No,Yes,Yes,0
0.651,0.402,8.09e-5,0.256,119.878,345600,0.21153846153846154,208,8,9,13,5,High,Yes,No,No,No,Yes,No,Yes,Yes,0
0.351,0.447,0,0.305,103.03,265253,0.013157894736842105,76,4,9,10,4,High,No,No,No,Yes,No,No,Yes,No,1
0.345,0.0581,3.66e-4,0.304,174.117,189507,NA,NA,4,4,6,2.8333333333333335,Low,Yes,Yes,No,No,No,No,Yes,Yes,1
0.38,0.573,2.38e-6,0.0901,74.988,303133,0.21428571428571427,896,13,13,13,4.666666666666667,High,No,No,No,Yes,No,No,Yes,No,0
0.687,0.792,0,0.671,100.015,214290,0.0875,80,21,21,11,3.75,Low,No,No,No,Yes,Yes,No,No,Yes,1
0.299,0.329,0.0105,0.392,132.282,218187,NA,NA,4,6,9,3.3333333333333335,Low,Yes,No,No,Yes,No,No,Yes,Yes,0
0.611,0.39,0,0.617,163.897,159512,0,57,7,12,10,4.583333333333333,High,Yes,No,Yes,No,Yes,No,Yes,Yes,1
0.631,0.205,0,0.456,130.604,220127,0.058823529411764705,119,18,20,20,3.25,Low,Yes,No,Yes,No,No,No,Yes,No,0
0.675,0.444,0,0.356,125.884,216373,0.1,70,7,9,11,4.083333333333333,High,No,No,No,No,No,No,Yes,Yes,0
0.389,0.591,6.53e-5,0.252,138.902,271806,0,268,12,21,16,4.583333333333333,High,Yes,No,No,No,No,No,Yes,Yes,1
0.444,0.367,0,0.217,162.785,267476,0.04950495049504951,101,8,12,13,3.9166666666666665,High,No,No,Yes,No,No,No,Yes,No,1
0.377,0.595,0,0.264,144.464,290900,0.015151515151515152,264,5,7,7,3.75,Low,Yes,No,No,No,No,No,Yes,Yes,0
0.607,0.303,0,0.555,97.383,144533,0.6764705882352942,68,4,13,7,3,Low,Yes,No,No,No,No,No,Yes,Yes,1
0.067,0.941,3.59e-4,0.236,187.874,392307,0,67,12,12,8,4.083333333333333,High,Yes,No,No,No,No,No,Yes,No,0
0.493,0.882,2.97e-6,0.685,123.985,222489,0.0847457627118644,59,7,12,14,4.5,High,No,No,No,No,No,No,Yes,No,0
0.305,0.462,0.122,0.181,113.47,281213,0.013157894736842105,76,10,12,12,3.75,Low,Yes,No,Yes,Yes,Yes,No,Yes,Yes,1
0.372,0.00798,0.925,0.0784,95.141,214133,NA,NA,5,5,6,4.5,High,Yes,No,Yes,Yes,Yes,No,Yes,Yes,0
0.58,0.0842,0.00126,0.388,92.123,200813,NA,NA,5,6,5,4.916666666666667,High,Yes,Yes,No,No,No,No,Yes,Yes,1
0.379,0.29,0.00106,0.169,166.467,201080,0.10344827586206896,232,6,9,9,3.0833333333333335,Low,Yes,No,No,No,No,No,Yes,Yes,1
0.191,0.829,2.11e-5,0.191,116.007,276667,NA,NA,24,13,12,3.5,Low,No,No,No,No,Yes,No,Yes,Yes,1
0.592,0.637,0,0.565,159.701,185093,0.07246376811594203,276,12,13,16,3.5833333333333335,Low,Yes,No,No,Yes,No,No,Yes,Yes,1
0.488,0.453,0.691,0.129,138.077,253853,0.046511627906976744,43,14,14,14,4.083333333333333,High,Yes,No,Yes,No,No,No,Yes,Yes,0
0.339,0.143,6.36e-4,0.0948,101.213,413320,0.06060606060606061,99,17,13,17,3.6666666666666665,Low,No,No,No,No,Yes,No,Yes,Yes,1
0.564,0.714,0,0.33,175.924,204013,0.01680672268907563,119,6,19,22,3.4166666666666665,Low,No,No,No,No,No,No,Yes,Yes,1
0.753,0.663,0.0598,0.149,90.011,194427,0.05714285714285714,175,5,8,9,3.75,Low,Yes,No,No,Yes,No,No,Yes,No,1
0.479,0.182,0.916,0.0478,128.576,248853,NA,NA,17,19,21,3.8333333333333335,Low,Yes,No,No,No,No,No,Yes,Yes,1
0.687,0.792,0,0.864,133.962,227333,0.07352941176470588,68,7,18,14,3.75,Low,Yes,No,Yes,Yes,Yes,No,Yes,Yes,0
0.345,0.0581,3.66e-4,0.304,174.117,189507,NA,NA,4,5,6,2.1666666666666665,Low,Yes,Yes,No,Yes,No,Yes,Yes,Yes,0
0.664,0.724,0.162,0.239,88.51,318267,0.1,70,5,9,10,3.8333333333333335,Low,Yes,No,Yes,No,No,No,No,Yes,1
0.318,0.0927,0,0.208,121.439,261818,NA,NA,5,19,19,3.9166666666666665,High,No,No,No,No,No,No,Yes,Yes,1
0.346,0.139,7.73e-5,0.116,136.168,217947,0.034482758620689655,58,5,7,9,3.9166666666666665,High,Yes,No,Yes,No,Yes,No,Yes,Yes,0
0.568,0.748,2.18e-6,0.623,96.59,256733,0.07692307692307693,208,4,6,13,4.25,High,Yes,No,No,Yes,No,No,Yes,Yes,1
0.537,0.81,1.4e-5,0.547,152.996,233893,0.07228915662650602,83,11,18,16,5,High,Yes,No,No,No,No,No,Yes,No,1
0.787,0.599,0,0.847,135.995,266827,0.0625,192,9,20,26,4.166666666666667,High,Yes,No,No,No,No,No,Yes,Yes,0
0.475,0.432,0,0.648,94.605,153467,0,43,9,8,8,3.5,Low,Yes,No,No,No,No,No,Yes,No,0
0.565,0.654,1.8e-6,0.235,111.968,265427,0.1450381679389313,524,9,8,10,3.3333333333333335,Low,Yes,No,No,No,No,Yes,Yes,Yes,1
0.651,0.402,8.09e-5,0.256,119.878,345600,0.21153846153846154,208,15,24,25,4.666666666666667,High,No,No,No,Yes,No,No,Yes,Yes,1
0.439,0.772,0,0.888,151.746,180160,0.038461538461538464,52,20,18,23,4.333333333333333,High,No,No,No,No,No,No,Yes,No,1
0.485,0.619,3.31e-6,0.416,138.017,242373,0.05042016806722689,119,6,7,15,3.5,Low,No,No,No,Yes,No,No,Yes,Yes,0
0.344,0.325,0.0239,0.0773,118.556,312307,0.02702702702702703,37,19,20,24,4.083333333333333,High,Yes,No,No,No,Yes,No,Yes,Yes,1
0.265,0.127,0.391,0.0757,147.734,371320,0.05555555555555555,1350,5,11,15,2.3333333333333335,Low,Yes,No,Yes,Yes,Yes,No,Yes,Yes,0
0.642,0.423,0,0.505,149.61,351467,0.0851063829787234,141,10,13,14,4.083333333333333,High,Yes,Yes,No,No,No,No,Yes,Yes,0
0.477,0.396,0,0.273,132.089,291000,0.031746031746031744,126,4,4,7,3.25,Low,Yes,Yes,Yes,No,No,No,Yes,Yes,0
0.38,0.663,0.791,0.429,173.139,249667,0.05714285714285714,70,14,18,17,4,High,Yes,No,No,Yes,No,No,Yes,No,1
0.512,0.255,0.532,0.215,115.144,253560,NA,NA,10,10,11,3.1666666666666665,Low,Yes,Yes,Yes,No,No,No,Yes,Yes,1
0.511,0.566,0,0.218,83.903,239836,0.10606060606060606,132,20,20,25,4.416666666666667,High,Yes,No,No,No,Yes,No,Yes,Yes,1
0.518,0.401,1.85e-4,0.171,92.148,216533,0.16216216216216217,592,16,22,24,2.3333333333333335,Low,Yes,No,Yes,No,Yes,No,Yes,Yes,0
0.481,0.262,0.0114,0.375,122.883,334744,0.1276595744680851,47,7,7,10,3.8333333333333335,Low,Yes,No,No,No,No,No,Yes,Yes,1
0.64,0.743,0,0.361,122.035,262533,0.14,1600,9,11,17,4.166666666666667,High,Yes,No,No,No,No,No,Yes,No,0
0.38,0.573,2.38e-6,0.0901,74.988,303133,0.21428571428571427,896,6,5,10,2.4166666666666665,Low,Yes,Yes,No,No,Yes,No,Yes,Yes,1
0.71,0.743,4.06e-4,0.866,120.277,266160,NA,NA,4,6,5,4.916666666666667,High,Yes,No,Yes,Yes,No,No,Yes,Yes,0
0.552,0.839,7.23e-4,0.576,135.466,245373,0.039473684210526314,76,10,11,10,3.3333333333333335,Low,No,No,No,Yes,No,Yes,Yes,Yes,0
0.45,0.335,1.25e-6,0.25,109.908,281235,NA,NA,23,26,28,5,High,No,No,No,No,No,No,Yes,Yes,1
0.583,0.428,0,0.254,99.605,225241,0.061224489795918366,392,9,15,12,4.583333333333333,High,Yes,No,Yes,No,No,No,No,Yes,0
0.33,0.348,0,0.0674,136.289,317827,0.3076923076923077,65,6,20,28,4.5,High,Yes,No,No,Yes,No,No,Yes,Yes,0
0.209,0.418,0.00195,0.123,138.265,295533,0.06521739130434782,414,7,8,8,3.6666666666666665,Low,No,No,No,No,Yes,No,Yes,No,1
0.312,0.499,0,0.191,148.173,273640,0.09649122807017543,114,12,13,19,4.083333333333333,High,Yes,No,No,Yes,No,No,Yes,Yes,1
0.463,0.179,1.73e-5,0.183,80.747,199920,0.07936507936507936,63,7,8,10,4.333333333333333,High,Yes,Yes,Yes,No,No,No,No,Yes,0
0.552,0.643,0.74,0.212,120.012,272800,0.11764705882352941,136,5,13,17,4.333333333333333,High,Yes,No,No,No,Yes,No,Yes,Yes,1
0.282,0.132,0.104,0.0379,136.186,283464,0.3125,32,9,16,18,3.75,Low,Yes,Yes,No,No,No,No,Yes,Yes,1
0.313,0.286,0.0451,0.287,80.925,208504,0,30,7,10,11,3.4166666666666665,Low,Yes,Yes,Yes,Yes,Yes,No,Yes,Yes,0
0.734,0.766,0.00138,0.6,127.986,215227,0.22784810126582278,79,11,14,15,4,High,No,No,No,Yes,No,No,Yes,Yes,0
0.671,0.153,5.53e-5,0.658,85.6,211933,0.01098901098901099,364,8,11,13,NA,NA,No,Yes,No,Yes,No,No,Yes,Yes,0
0.63,0.44,3.87e-6,0.343,98.082,283707,0.08955223880597014,134,10,20,24,3,Low,Yes,Yes,No,Yes,No,No,Yes,Yes,0
0.666,0.37,0.0235,0.318,134.631,161840,NA,NA,10,16,19,4.333333333333333,High,Yes,No,Yes,No,No,No,Yes,Yes,1
0.526,0.646,0.00145,0.179,118.973,254147,0.07246376811594203,69,4,6,13,2.5833333333333335,Low,No,No,No,No,No,No,Yes,Yes,1
0.682,0.173,3.26e-5,0.236,112.663,260285,0.058823529411764705,272,6,24,23,3.5833333333333335,Low,Yes,No,Yes,No,Yes,No,No,Yes,1
0.572,0.319,0,0.359,110.922,218492,0.11578947368421053,95,11,12,13,3,Low,Yes,No,Yes,Yes,Yes,No,No,Yes,1
0.186,0.29,0,0.0776,68.992,262533,0.08196721311475409,61,16,21,18,4,High,Yes,No,Yes,No,No,No,Yes,Yes,0
0.736,0.502,0.0105,0.533,105.003,283840,0.08045977011494253,87,7,9,14,3,Low,No,No,Yes,No,Yes,Yes,Yes,No,0
0.568,0.748,2.18e-6,0.623,96.59,256733,0.07692307692307693,208,19,24,26,3.75,Low,No,No,No,No,Yes,No,No,No,1
0.415,0.132,0.137,0.122,169.006,336760,0.09375,32,15,19,24,4.666666666666667,High,Yes,Yes,No,No,No,No,No,Yes,1
0.622,0.392,0,0.274,77.991,253000,0.056179775280898875,89,5,16,17,3.3333333333333335,Low,No,No,No,No,No,No,Yes,Yes,1
0.409,0.137,0,0.106,162.08,225076,0.25,1200,13,12,20,4.583333333333333,High,Yes,No,Yes,No,Yes,No,Yes,Yes,0
0.429,0.594,4.95e-6,0.236,150.22,265000,0.08108108108108109,296,4,8,10,3.5,Low,Yes,No,No,Yes,No,No,Yes,Yes,0
0.553,0.586,0,0.443,126.684,196373,0.07368421052631578,380,17,17,21,4.416666666666667,High,Yes,No,No,Yes,No,No,Yes,Yes,1
0.426,0.838,3.02e-6,0.182,81.089,288600,0,61,4,17,10,3.3333333333333335,Low,Yes,No,No,No,No,No,Yes,No,1
0.306,0.31,2.72e-5,0.126,207.508,214369,0.0958904109589041,292,7,14,20,3,Low,No,No,No,No,No,No,Yes,Yes,1
0.327,0.938,3.79e-6,0.326,162.937,289560,NA,NA,10,13,17,4.5,High,Yes,No,No,Yes,No,No,Yes,Yes,1
0.377,0.255,2.08e-4,0.37,125.004,334570,0.08823529411764706,136,6,11,16,2.5833333333333335,Low,Yes,Yes,No,No,No,No,Yes,Yes,1
0.422,0.226,0.949,0.223,113.163,221839,NA,NA,6,17,16,4,High,Yes,No,No,No,Yes,No,Yes,Yes,1
0.479,0.545,0,0.244,74.897,252733,0.17272727272727273,440,8,12,15,4.833333333333333,High,Yes,Yes,No,No,No,No,Yes,Yes,1
0.209,0.412,0.15,0.162,86.26,305747,0.11428571428571428,35,18,21,18,2.9166666666666665,Low,No,No,No,Yes,No,No,No,Yes,1
0.571,0.8,7.29e-5,0.335,104.377,311867,0.017241379310344827,58,8,10,8,3.25,Low,Yes,Yes,Yes,Yes,Yes,Yes,Yes,Yes,0
0.521,0.633,0,0.287,141.887,293040,0.06140350877192982,114,16,20,20,5,High,Yes,No,No,Yes,No,No,No,Yes,1
0.45,0.335,1.25e-6,0.25,109.908,281235,NA,NA,8,20,23,4.583333333333333,High,Yes,No,No,No,No,No,Yes,Yes,1
0.457,0.515,0,0.222,74.984,142973,0.10256410256410256,39,18,16,21,2.5833333333333335,Low,Yes,No,No,No,No,No,Yes,Yes,1
0.689,0.4,1.37e-4,0.559,112.64,255040,NA,NA,14,14,16,4.333333333333333,High,No,No,Yes,No,Yes,No,Yes,Yes,1
0.528,0.233,1.08e-4,0.208,89.044,273933,0.04285714285714286,70,6,10,11,3.0833333333333335,Low,Yes,No,No,Yes,NA,No,Yes,No,0
0.322,0.28,1.1e-6,0.175,85.794,248467,0.031914893617021274,94,4,4,7,2,Low,Yes,No,Yes,No,No,No,Yes,Yes,0
0.599,0.785,0.00336,0.52,140.046,233640,0.24778761061946902,113,4,5,6,2.6666666666666665,Low,Yes,No,Yes,No,Yes,No,Yes,Yes,0
0.586,0.23,4.89e-6,0.13,71.422,243200,0.32,50,8,16,20,3.3333333333333335,Low,Yes,No,Yes,No,No,No,Yes,Yes,1
0.649,0.718,4.26e-6,0.477,79.993,249293,0.029585798816568046,169,9,14,15,4.25,High,Yes,No,No,No,No,No,Yes,Yes,0
0.36,0.684,0,0.2,77.15,342653,0.030864197530864196,162,10,9,16,3.9166666666666665,High,Yes,No,No,No,No,No,Yes,Yes,1
0.265,0.127,0.391,0.0757,147.734,371320,0.05555555555555555,1350,5,7,7,3.3333333333333335,Low,Yes,No,Yes,No,No,No,Yes,Yes,0
0.834,0.696,0.713,0.685,123.369,442133,NA,NA,7,8,9,3.6666666666666665,Low,Yes,No,No,No,No,No,No,Yes,0
0.715,0.715,0,0.506,134.923,238747,0.06451612903225806,93,15,18,19,4.583333333333333,High,Yes,No,No,No,No,No,Yes,Yes,1
0.565,0.654,1.8e-6,0.235,111.968,265427,0.1450381679389313,524,25,24,21,4.416666666666667,High,Yes,No,No,No,No,No,Yes,No,1
0.563,0.388,0,0.736,92.825,189733,0.07058823529411765,85,7,7,8,3.9166666666666665,High,Yes,No,No,No,No,No,Yes,Yes,1
0.781,0.262,0,0.338,111.92,193827,0.0958904109589041,73,14,16,16,3.5833333333333335,Low,Yes,Yes,No,No,No,No,Yes,Yes,1
0.363,0.129,1.52e-6,0.147,80.367,198147,0.07692307692307693,26,9,15,17,3.9166666666666665,High,Yes,No,No,No,No,No,Yes,Yes,1
0.29,0.574,0,0.48,197.431,282360,0.18181818181818182,66,18,18,19,5,High,Yes,No,Yes,Yes,Yes,No,Yes,Yes,0
0.358,0.48,0.00428,0.356,120.317,413947,0.06493506493506493,77,11,14,18,4,High,Yes,No,Yes,No,No,No,No,No,0
0.507,0.443,7.34e-6,0.157,145.018,230107,0.11224489795918367,98,4,5,5,3.4166666666666665,Low,No,No,Yes,No,No,No,Yes,Yes,0
0.226,0.136,8.07e-6,0.263,79.37,173267,0.15625,32,12,23,22,4.416666666666667,High,No,No,No,No,No,No,No,No,1
0.551,0.636,0.00203,0.153,124.996,268467,0.04,50,8,9,9,4,High,Yes,No,No,No,Yes,No,Yes,Yes,0
0.466,0.759,0,0.328,160.033,264373,NA,NA,4,4,8,3.25,Low,Yes,Yes,NA,No,Yes,Yes,No,No,1
0.451,0.951,2.39e-6,0.442,162.065,213933,0.1650485436893204,103,14,18,14,3.6666666666666665,Low,No,No,No,No,No,No,Yes,Yes,0
0.479,0.545,0,0.244,74.897,252733,0.17272727272727273,440,5,6,7,3.4166666666666665,Low,Yes,No,No,No,No,No,Yes,Yes,0
0.345,0.0581,3.66e-4,0.304,174.117,189507,NA,NA,8,8,11,4.833333333333333,High,Yes,No,Yes,No,Yes,No,Yes,Yes,0
0.599,0.642,3.33e-5,0.349,115.412,222533,NA,NA,4,6,10,2.5833333333333335,Low,No,Yes,Yes,Yes,No,No,Yes,Yes,0
0.514,0.771,0,0.359,136.058,249754,0.07058823529411765,85,10,8,8,3.8333333333333335,Low,Yes,Yes,No,No,Yes,No,Yes,Yes,0
0.565,0.942,3.93e-4,0.569,137.972,235000,NA,NA,5,6,7,4.25,High,No,No,Yes,No,Yes,No,Yes,Yes,0
0.298,0.151,0.00602,0.139,158.407,282680,0.2682926829268293,41,11,6,6,3.6666666666666665,Low,Yes,No,No,Yes,No,No,Yes,Yes,0
0.292,0.324,4.73e-4,0.384,176.631,201373,0.11666666666666667,60,5,5,8,3.75,Low,Yes,No,No,Yes,No,No,Yes,Yes,0
0.339,0.541,0.158,0.11,128.103,350173,0.23529411764705882,17,7,9,15,4.333333333333333,High,No,No,No,Yes,Yes,No,No,Yes,0
0.316,0.769,0,0.127,122.507,321147,0.13636363636363635,66,6,13,11,2.3333333333333335,Low,Yes,No,Yes,No,No,No,Yes,Yes,1
0.409,0.137,0,0.106,162.08,225076,0.25,1200,16,25,25,5,High,Yes,No,No,No,No,No,Yes,No,1
0.377,0.595,0,0.264,144.464,290900,0.015151515151515152,264,8,9,10,3.9166666666666665,High,Yes,No,No,Yes,Yes,No,Yes,Yes,0
0.671,0.153,5.53e-5,0.658,85.6,211933,0.01098901098901099,364,4,14,22,4.333333333333333,High,Yes,No,No,No,No,No,Yes,Yes,1
0.862,0.479,0.00126,0.925,109.878,301520,NA,NA,4,4,4,3.5,Low,Yes,No,Yes,No,No,No,Yes,Yes,0
0.567,0.745,0,0.903,125.575,180133,NA,NA,14,14,13,3.4166666666666665,Low,Yes,No,No,Yes,No,No,No,Yes,0
0.47,0.431,0,0.289,157.98,295502,0.02040816326530612,882,6,12,14,4.25,High,Yes,No,No,No,No,No,Yes,Yes,1
0.0876,0.0865,0.896,0.0298,86.437,596227,NA,NA,5,12,14,2.3333333333333335,Low,Yes,No,Yes,No,No,No,Yes,Yes,0
0.424,0.437,0.336,0.131,174.127,208173,0.12121212121212122,33,12,14,19,4.5,High,Yes,No,No,No,No,No,Yes,No,1
0.428,0.276,5.33e-6,0.0382,99.195,280000,NA,NA,4,8,10,3.5833333333333335,Low,No,Yes,Yes,No,No,No,Yes,Yes,0
0.379,0.29,0.00106,0.169,166.467,201080,0.10344827586206896,232,12,13,13,2.8333333333333335,Low,Yes,No,Yes,No,No,No,Yes,Yes,0
0.407,0.147,2.89e-6,0.0765,141.284,229400,0.09090909090909091,22,4,8,8,3.3333333333333335,Low,Yes,No,Yes,No,Yes,Yes,Yes,Yes,0
0.592,0.457,3.31e-4,0.225,146.04,110886,0.13333333333333333,90,15,18,20,3.4166666666666665,Low,Yes,No,No,No,No,No,Yes,No,1
0.461,0.834,1.14e-5,0.471,135.007,261154,0.02631578947368421,114,4,5,9,3.4166666666666665,Low,Yes,No,No,Yes,No,No,Yes,Yes,0
0.39,0.649,0,0.144,121.16,299760,NA,NA,16,25,21,3.5833333333333335,Low,No,No,No,Yes,No,No,Yes,Yes,1
0.556,0.538,0,0.291,143.95,223347,0.11009174311926606,109,17,14,15,5,High,Yes,No,Yes,No,No,No,Yes,Yes,0
0.37,0.666,0,0.194,163.796,244999,0.010869565217391304,92,10,11,11,4.75,High,Yes,Yes,Yes,No,No,No,Yes,Yes,1
0.589,0.242,0,0.257,89.749,221107,0.06666666666666667,3240,5,6,8,3.1666666666666665,Low,Yes,Yes,No,No,No,No,No,Yes,1
0.554,0.462,0,0.388,162.549,237370,0.10256410256410256,39,20,22,24,4.25,High,No,No,No,Yes,No,Yes,Yes,Yes,0
0.52,0.964,1.71e-4,0.0998,114.989,272000,0.08928571428571429,56,6,6,9,3.3333333333333335,Low,Yes,No,No,No,No,No,Yes,Yes,1
0.449,0.227,0,0.216,137.856,227660,0,44,9,10,11,4.666666666666667,High,No,Yes,Yes,No,No,No,Yes,Yes,0
0.64,0.743,0,0.361,122.035,262533,0.14,1600,13,14,15,3.6666666666666665,Low,No,Yes,No,No,No,No,Yes,Yes,1
0.54,0.265,0,0.423,61.975,168547,0.10638297872340426,47,21,16,18,4.666666666666667,High,Yes,No,Yes,No,Yes,No,Yes,Yes,0
0.658,0.591,5.27e-6,0.326,114.078,323747,0.045454545454545456,132,6,12,14,2.1666666666666665,Low,Yes,No,No,No,No,No,Yes,No,1
0.525,0.335,6.15e-4,0.41,110.522,233333,0.04395604395604396,91,4,4,7,2.25,Low,Yes,No,No,No,No,No,Yes,Yes,1
0.429,0.661,1.3e-4,0.285,173.365,266773,0,42,17,19,13,4,High,Yes,No,No,No,Yes,Yes,Yes,No,1
0.601,0.59,0,0.274,151.952,206453,0.006578947368421052,152,28,20,28,4.666666666666667,High,No,No,No,No,No,No,No,No,1
0.532,0.906,0,0.547,140.684,274627,0.06545454545454546,275,8,8,9,5,High,Yes,No,No,No,No,No,Yes,Yes,1
0.618,0.793,0.0154,0.459,101.015,347526,0.047058823529411764,85,8,11,13,4.5,High,Yes,No,No,No,No,No,Yes,Yes,1
0.573,0.781,2.64e-5,0.343,139.934,231907,0.04285714285714286,70,8,12,14,4.25,High,Yes,No,No,No,No,Yes,Yes,Yes,0
0.403,0.3,0,0.234,162.874,245427,0.08955223880597014,67,7,11,23,4.833333333333333,High,No,No,No,No,No,No,Yes,No,1
0.641,0.667,0,0.51,102.002,259453,0.029239766081871343,684,5,5,5,4,High,Yes,No,No,No,Yes,No,Yes,Yes,0
0.682,0.173,3.26e-5,0.236,112.663,260285,0.058823529411764705,272,19,25,18,4.416666666666667,High,Yes,Yes,No,Yes,No,No,Yes,Yes,1
0.625,0.546,0,0.109,90.03,244356,0.04132231404958678,121,7,8,7,3.8333333333333335,Low,Yes,No,No,Yes,No,No,Yes,No,1
0.491,0.139,0.11,0.109,125.086,241467,0.1794871794871795,39,5,6,13,4.083333333333333,High,Yes,No,No,No,No,No,No,Yes,1
0.518,0.401,1.85e-4,0.171,92.148,216533,0.16216216216216217,592,7,10,12,3.1666666666666665,Low,Yes,No,Yes,No,No,No,Yes,Yes,0
0.38,0.573,2.38e-6,0.0901,74.988,303133,0.21428571428571427,896,4,7,13,4.083333333333333,High,Yes,Yes,No,Yes,Yes,No,Yes,Yes,0
0.279,0.074,0.648,0.11,165.27,250573,NA,NA,12,15,17,4,High,Yes,No,No,No,No,No,Yes,Yes,0
0.435,0.155,0,0.0935,128.532,287693,0.06756756756756757,74,6,7,7,2,Low,Yes,No,Yes,Yes,Yes,No,Yes,Yes,0
0.474,0.707,0,0.224,83.235,252107,0.04477611940298507,268,5,7,8,3.5833333333333335,Low,No,No,No,Yes,Yes,Yes,Yes,Yes,0
0.756,0.609,0.00474,0.537,117.023,155720,0,57,17,18,18,4,High,Yes,No,No,No,Yes,Yes,Yes,Yes,1
0.301,0.571,0.8,0.0412,178.084,315987,0.060240963855421686,83,13,14,16,4.5,High,Yes,No,Yes,No,No,No,No,Yes,1
0.81,0.436,1.51e-4,0.446,119.973,259413,0.0196078431372549,102,7,10,11,3.8333333333333335,Low,Yes,No,Yes,No,No,No,Yes,Yes,1
0.345,0.0581,3.66e-4,0.304,174.117,189507,NA,NA,8,8,10,4,High,Yes,No,Yes,No,Yes,No,Yes,Yes,1
0.598,0.343,0.0219,0.419,103.984,202107,0.043478260869565216,184,19,21,22,5,High,Yes,No,Yes,No,No,No,Yes,Yes,0
0.468,0.508,0.801,0.305,120.854,219000,0.03773584905660377,53,14,14,22,4,High,No,No,No,Yes,No,No,Yes,No,1
